{"cameraMode":{"drawMode":0,"name":"Shaded","section":"Shading Mode"},"sceneLighting":true,"audioPlay":false,"sceneViewState":{"m_AlwaysRefresh":false,"showFog":true,"showSkybox":true,"showFlares":true,"showImageEffects":true,"showParticleSystems":true,"showVisualEffectGraphs":true,"m_FxEnabled":true},"in2DMode":false,"pivot":{"x":-4.857911586761475,"y":-1.793012261390686,"z":0.7772655487060547},"rotation":{"x":-0.030300786718726159,"y":-0.0158940888941288,"z":0.00048105386667884886,"w":-0.9993918538093567},"size":12.550424575805664,"orthographic":false}