{"cameraMode":{"drawMode":0,"name":"Shaded","section":"Shading Mode"},"sceneLighting":true,"audioPlay":false,"sceneViewState":{"m_AlwaysRefresh":false,"showFog":true,"showSkybox":true,"showFlares":true,"showImageEffects":true,"showParticleSystems":true,"showVisualEffectGraphs":true,"m_FxEnabled":true},"in2DMode":false,"pivot":{"x":12.296980857849121,"y":0.16912084817886353,"z":8.10041618347168},"rotation":{"x":0.0041803703643381599,"y":0.06804387271404267,"z":0.0002843286783900112,"w":-0.9976669549942017},"size":8.077509880065918,"orthographic":false}