{"cameraMode":{"drawMode":0,"name":"Shaded","section":"Shading Mode"},"sceneLighting":false,"audioPlay":false,"sceneViewState":{"m_AlwaysRefresh":false,"showFog":true,"showSkybox":false,"showFlares":true,"showImageEffects":true,"showParticleSystems":true,"showVisualEffectGraphs":true,"m_FxEnabled":true},"in2DMode":false,"pivot":{"x":-0.0005513429641723633,"y":0.45810937881469729,"z":-0.09675981104373932},"rotation":{"x":-0.022771233692765237,"y":0.0560540035367012,"z":-0.001282594632357359,"w":-0.9981672763824463},"size":2.3569960594177248,"orthographic":false}