{"cameraMode":{"drawMode":0,"name":"Shaded","section":"Shading Mode"},"sceneLighting":false,"audioPlay":false,"sceneViewState":{"m_AlwaysRefresh":false,"showFog":true,"showSkybox":false,"showFlares":true,"showImageEffects":true,"showParticleSystems":true,"showVisualEffectGraphs":true,"m_FxEnabled":true},"in2DMode":false,"pivot":{"x":1.7125084400177003,"y":-0.1948971301317215,"z":-0.06693363189697266},"rotation":{"x":-0.009296766482293606,"y":-0.051876239478588107,"z":0.00047908988199196756,"w":-0.9986088275909424},"size":6.497035026550293,"orthographic":false}