{"cameraMode":{"drawMode":0,"name":"Shaded","section":"Shading Mode"},"sceneLighting":false,"audioPlay":false,"sceneViewState":{"m_AlwaysRefresh":false,"showFog":true,"showSkybox":false,"showFlares":true,"showImageEffects":true,"showParticleSystems":true,"showVisualEffectGraphs":true,"m_FxEnabled":true},"in2DMode":false,"pivot":{"x":1.1920928955078126e-7,"y":0.11287248134613037,"z":0.0010612010955810547},"rotation":{"x":0.02668600343167782,"y":0.005095650441944599,"z":0.00013444905926007777,"w":-0.999609112739563},"size":0.8660253882408142,"orthographic":false}