{"cameraMode":{"drawMode":0,"name":"Shaded","section":"Shading Mode"},"sceneLighting":true,"audioPlay":false,"sceneViewState":{"m_AlwaysRefresh":false,"showFog":true,"showSkybox":true,"showFlares":true,"showImageEffects":true,"showParticleSystems":true,"showVisualEffectGraphs":true,"m_FxEnabled":true},"in2DMode":false,"pivot":{"x":20.822771072387697,"y":-0.030071169137954713,"z":-1.9228914976119996},"rotation":{"x":-0.019797321408987047,"y":0.6883742213249207,"z":-0.018806327134370805,"w":-0.724843442440033},"size":0.9996111392974854,"orthographic":false}